Numero_Muestra,date,SW_in_Avg,SW_out_Avg,LW_in_Avg,LW_out_Avg,Rnet_Avg
10002,23/10/2019 18:30,-1.586438,-0.05746018,353.2721,374.7707,-23.02752
10003,23/10/2019 19:00,-1.799984,0.228781,345.4488,373.877,-30.45694
10004,23/10/2019 19:30,-1.553465,0.4181934,343.4622,373.638,-32.14746
10005,23/10/2019 20:00,-1.543161,0.3469007,345.3726,374.0037,-30.52123
10006,23/10/2019 20:30,-1.891831,0.3564815,339.7685,373.4897,-35.9695
10007,23/10/2019 21:00,-1.749457,0.4820392,341.0054,373.2857,-34.5118
10008,23/10/2019 21:30,-1.871199,0.8129861,336.7112,373.5556,-39.52865
10009,23/10/2019 22:00,-2.236347,1.123702,326.2568,373.3615,-50.46479
10010,23/10/2019 22:30,-2.141425,1.749383,324.3525,373.8717,-53.41004
10011,23/10/2019 23:00,-1.923773,0.8597907,343.5946,375.6812,-34.87016
10012,23/10/2019 23:30,-3.234726,0.3053868,325.282,373.3353,-51.59347
10013,24/10/2019 0:00,-3.480188,0.8140091,312.5135,370.4905,-62.27115
10014,24/10/2019 0:30,-3.271912,1.507821,311.3885,369.4277,-62.81895
10015,24/10/2019 1:00,-4.038319,1.128997,303.3508,368.3149,-70.13145
10016,24/10/2019 1:30,-4.625368,0.7523314,305.2838,363.8962,-63.99017
10017,24/10/2019 2:00,-12.72391,-6.758206,310.4926,363.2537,-58.72681
10018,24/10/2019 2:30,-6.28731,-1.757946,304.3153,370.2132,-70.42719
10019,24/10/2019 3:00,-3.470175,1.506836,299.5674,369.2095,-74.61913
10020,24/10/2019 3:30,-3.762165,1.229112,299.6335,368.5939,-73.95165
10021,24/10/2019 4:00,-3.993212,1.897395,295.1179,366.7971,-77.56982
10022,24/10/2019 4:30,-3.945822,1.565403,295.4164,365.6861,-75.78088
10023,24/10/2019 5:00,-3.697231,1.388761,296.3726,366.0657,-74.77908
10024,24/10/2019 5:30,-4.030483,1.303643,294.1789,364.873,-76.02823
10025,24/10/2019 6:00,-4.019219,1.481408,293.2971,362.7084,-74.91192
10026,24/10/2019 6:30,-3.429141,1.581428,293.9817,363.6741,-74.70295
10027,24/10/2019 7:00,7.323647,3.218261,295.3024,364.3037,-64.8959
10028,24/10/2019 7:30,58.60698,8.242717,288.4445,358.3085,-19.49976
10029,24/10/2019 8:00,136.1101,18.13273,289.1219,361.5611,45.5382
10030,24/10/2019 8:30,224.0502,30.39592,291.6234,368.6468,116.6309
10031,24/10/2019 9:00,317.045,41.62784,295.3185,377.1692,193.5664
10032,24/10/2019 9:30,408.1375,56.06753,299.0155,386.8828,264.2027
10033,24/10/2019 10:00,477.3462,64.01392,304.8546,397.4904,320.6965
10034,24/10/2019 10:30,520.4597,66.31181,311.6583,406.4575,359.3485
10035,24/10/2019 11:00,574.7136,73.06644,315.7551,413.4022,404
10036,24/10/2019 11:30,611.6558,76.67292,319.4118,418.9526,435.442
10037,24/10/2019 12:00,634.1042,78.98904,322.1285,422.3419,454.9018
10038,24/10/2019 12:30,637.8964,79.34126,324.7697,426.7237,456.6011
10039,24/10/2019 13:00,626.3883,76.81351,326.9471,427.9644,448.5575
10040,24/10/2019 13:30,603.9113,73.30334,328.5619,428.3878,430.782
10041,24/10/2019 14:00,562.9503,67.31099,330.6328,428.1908,398.0812
10042,24/10/2019 14:30,510.3493,59.67013,331.8068,425.9847,356.5013
10043,24/10/2019 15:00,445.0606,51.16101,332.8757,423.0557,303.7195
10044,24/10/2019 15:30,368.643,40.9595,333.6395,419.5397,241.7833
10045,24/10/2019 16:00,282.5237,29.40639,332.9031,414.4269,171.5935
10046,24/10/2019 16:30,194.7371,17.70399,335.9694,409.9902,103.0123
10047,24/10/2019 17:00,100.6799,8.10985,331.9055,404.7878,19.68768
10048,24/10/2019 17:30,25.44347,2.898205,330.6892,398.9698,-45.73536
10049,24/10/2019 18:00,-3.329545,1.320063,328.4955,391.6823,-67.83651
10050,24/10/2019 18:30,-3.88965,1.725434,326.1416,386.6601,-66.13357
10051,24/10/2019 19:00,-3.633964,2.067993,324.9271,383.8616,-64.63648
10052,24/10/2019 19:30,-3.643354,1.458494,322.0956,380.8819,-63.88812
10053,24/10/2019 20:00,-3.151559,2.141536,321.3969,378.669,-62.56519
10054,24/10/2019 20:30,-3.034093,1.972439,320.9224,376.6921,-60.77629
10055,24/10/2019 21:00,-4.267694,0.6915559,318.3342,373.7626,-60.38768
10056,24/10/2019 21:30,-2.974506,0.9182084,316.1581,370.9764,-58.71101
10057,24/10/2019 22:00,-2.650731,1.656643,314.5496,369.9672,-59.72496
10058,24/10/2019 22:30,-5.05934,-0.1723876,312.0604,368.0648,-60.8914
10059,24/10/2019 23:00,-14.14593,-10.1588,313.3426,367.7129,-58.35738
10060,24/10/2019 23:30,-16.60815,-11.43572,312.9608,367.368,-59.57967
10061,25/10/2019 0:00,-19.95561,-11.85831,311.9084,366.4882,-62.67712
10062,25/10/2019 0:30,-21.44561,-12.5375,309.4958,364.6469,-64.05924
10063,25/10/2019 1:00,-20.59117,-13.51907,307.5319,363.7087,-63.24889
10064,25/10/2019 1:30,-17.62531,-12.83156,307.1732,362.5057,-60.12622
10065,25/10/2019 2:00,-15.32738,-10.60029,306.6591,362.394,-60.46191
10066,25/10/2019 2:30,-16.85026,-10.50575,304.2327,360.6216,-62.73342
10067,25/10/2019 3:00,-19.37199,-13.24109,302.3163,359.4477,-63.26223
10068,25/10/2019 3:30,-16.04094,-11.08502,301.5652,359.0592,-62.44996
10069,25/10/2019 4:00,-14.5205,-9.767628,300.2845,358.5767,-63.04512
10070,25/10/2019 4:30,-14.62477,-9.73895,300.0531,357.9516,-62.7843
10071,25/10/2019 5:00,-16.95138,-11.9985,298.4332,356.4767,-62.99639
10072,25/10/2019 5:30,-16.96702,-12.47435,297.5378,355.3185,-62.27331
10073,25/10/2019 6:00,-15.02983,-10.07675,296.5325,356.0288,-64.4494
10074,25/10/2019 6:30,-14.59078,-9.361834,294.9247,355.8787,-66.18297
10075,25/10/2019 7:00,-2.124325,-6.904355,306.4995,357.1058,-45.8263
10076,25/10/2019 7:30,46.92934,0.2469351,296.1725,359.867,-17.01213
10077,25/10/2019 8:00,134.2198,12.18767,297.0853,364.8381,54.27938
10078,25/10/2019 8:30,226.9436,28.13544,300.3812,373.5177,125.6716
10079,25/10/2019 9:00,321.2814,45.26509,304.0074,381.3312,198.6924
10080,25/10/2019 9:30,404.3253,55.76776,307.4502,388.3752,267.6325
10081,25/10/2019 10:00,477.7239,64.99523,310.646,396.2942,327.0805
10082,25/10/2019 10:30,539.0504,72.69757,314.2763,404.3503,376.2789
10083,25/10/2019 11:00,587.9626,78.50275,318.4783,413.306,414.6322
10084,25/10/2019 11:30,594.0524,77.59736,321.7149,418.904,419.2659
10085,25/10/2019 12:00,642.7054,84.07058,325.2557,424.7895,459.101
10086,25/10/2019 12:30,638.2321,82.26181,328.5464,429.7505,454.7661
10087,25/10/2019 13:00,634.9717,80.6827,331.3294,433.9526,451.6657
10088,25/10/2019 13:30,611.2505,76.24229,332.9155,435.6091,432.3146
10089,25/10/2019 14:00,570.5403,70.37548,334.8022,436.3345,398.6325
10090,25/10/2019 14:30,517.2079,62.38815,335.8484,435.8924,354.7757
10091,25/10/2019 15:00,450.7383,52.87719,336.5518,433.5013,300.9117
10092,25/10/2019 15:30,368.393,41.941,337.2454,430.5759,233.1215
10093,25/10/2019 16:00,275.9333,29.5636,336.6788,426.1368,156.9116
10094,25/10/2019 16:30,187.8121,18.51883,336.421,421.1467,84.56754
10095,25/10/2019 17:00,102.4339,8.87025,335.0864,415.3858,13.2643
10096,25/10/2019 17:30,24.36462,3.207229,333.451,407.1833,-52.57494
10097,25/10/2019 18:00,-3.032074,1.177334,330.603,398.529,-72.13536
10098,25/10/2019 18:30,-3.491275,2.022012,328.9803,395.1073,-71.64024
10099,25/10/2019 19:00,-4.306203,1.223317,327.0375,392.9133,-71.40532
10100,25/10/2019 19:30,-4.578439,0.8180321,324.2718,387.8194,-68.94407
10101,25/10/2019 20:00,-3.300836,1.849894,322.5415,385.7949,-68.4041
10102,25/10/2019 20:30,-3.412368,1.730829,321.3338,385.3298,-69.1392
10103,25/10/2019 21:00,-3.31346,1.780878,320.7338,384.0539,-68.41448
10104,25/10/2019 21:30,-3.359921,1.790482,320.6512,382.9209,-67.42006
10105,25/10/2019 22:00,-3.335282,1.857562,319.7275,382.0325,-67.49788
10106,25/10/2019 22:30,-3.792164,1.362859,318.1365,379.2197,-66.23817
10107,25/10/2019 23:00,-3.473609,1.711877,317.1501,377.8714,-65.90671
10108,25/10/2019 23:30,-3.516937,1.627832,315.109,377.0255,-67.06128
10109,26/10/2019 0:00,-3.413855,1.512949,314.2823,374.8764,-65.52084
10110,26/10/2019 0:30,-3.150964,1.654506,313.4261,374.0285,-65.40781
10111,26/10/2019 1:00,-3.473868,1.689658,312.2968,372.2646,-65.13136
10112,26/10/2019 1:30,-2.296035,2.719718,312.3452,372.756,-65.42654
10113,26/10/2019 2:00,-2.754032,2.178129,312.1385,374.2542,-67.0479
10114,26/10/2019 2:30,-3.73498,1.326889,309.7236,373.1976,-68.53584
10115,26/10/2019 3:00,-4.325023,1.288596,306.2293,368.8566,-68.24099
10116,26/10/2019 3:30,-2.939833,1.911134,305.5791,369.8569,-69.12886
10117,26/10/2019 4:00,-3.3102,1.53979,305.7872,370.354,-69.41681
10118,26/10/2019 4:30,-3.139011,1.792013,306.2794,369.74,-68.39156
10119,26/10/2019 5:00,-3.544458,1.384464,305.6715,368.1366,-67.39396
10120,26/10/2019 5:30,-3.643478,1.474915,303.2263,365.0802,-66.97227
10121,26/10/2019 6:00,-9.628817,-4.622781,303.4052,364.2735,-65.87434
10122,26/10/2019 6:30,-13.39852,-8.444419,303.5289,364.4212,-65.84647
10123,26/10/2019 7:00,-5.089948,-8.22193,309.6449,363.7183,-50.94137
10124,26/10/2019 7:30,43.49334,-0.9428653,301.7535,364.9969,-18.80728
10125,26/10/2019 8:00,133.3695,18.32993,304.4084,373.595,45.85295
10126,26/10/2019 8:30,225.473,35.05099,307.9633,382.5211,115.8643
10127,26/10/2019 9:00,312.6375,46.14359,311.3444,390.6662,187.1721
10128,26/10/2019 9:30,395.0991,55.85575,313.5515,396.7613,256.0335
10129,26/10/2019 10:00,470.039,65.26909,318.7886,403.9685,319.59
10130,26/10/2019 10:30,530.3733,72.44252,320.3921,411.8173,366.5055
10131,26/10/2019 11:00,576.9376,77.59914,324.0921,419.2256,404.2048
10132,26/10/2019 11:30,610.0388,80.65607,327.807,426.3624,430.8273
10133,26/10/2019 12:00,632.5695,82.74714,331.61,434.0033,447.4291
10134,26/10/2019 12:30,639.2852,82.27235,335.2531,439.7541,452.5118
10135,26/10/2019 13:00,628.3346,79.78484,337.7046,442.8976,443.3567
10136,26/10/2019 13:30,604.852,75.79812,341.349,446.5092,423.8936
10137,26/10/2019 14:00,561.8803,69.08369,344.7276,447.5262,389.998
10138,26/10/2019 14:30,509.9188,61.19952,346.516,447.1334,348.102
10139,26/10/2019 15:00,442.2507,52.1333,348.0389,445.5891,292.5672
10140,26/10/2019 15:30,364.3496,41.21912,349.2245,442.486,229.8689
10141,26/10/2019 16:00,275.3995,28.90954,350.09,437.6953,158.8846
10142,26/10/2019 16:30,174.6169,16.32841,350.1873,431.7037,76.77208
10143,26/10/2019 17:00,91.13573,7.432437,348.5611,424.3783,7.88611
10144,26/10/2019 17:30,16.00545,2.234975,344.9147,414.8901,-56.20498
10145,26/10/2019 18:00,-2.665747,1.715276,341.723,406.8878,-69.54582
10146,26/10/2019 18:30,-3.800092,0.8922649,340.0051,402.2885,-66.97575
10147,26/10/2019 19:00,-4.783268,0.153173,335.6511,396.6447,-65.93004
10148,26/10/2019 19:30,-3.990669,1.18291,331.9767,391.498,-64.69495
10149,26/10/2019 20:00,-4.273291,1.530777,327.4448,387.083,-65.44226
10150,26/10/2019 20:30,-3.052395,2.566924,324.7976,383.8315,-64.65329
10151,26/10/2019 21:00,-3.800139,1.09042,323.0981,382.2778,-64.0703
10152,26/10/2019 21:30,-2.786517,1.770282,322.4447,380.1072,-62.21935
10153,26/10/2019 22:00,-3.262098,2.112934,321.1613,377.1831,-61.39682
10154,26/10/2019 22:30,-3.265268,2.140647,317.4103,373.8613,-61.85687
10155,26/10/2019 23:00,-2.213396,2.575915,315.9205,371.4197,-60.28847
10156,26/10/2019 23:30,-1.556414,1.457693,315.3601,370.2131,-57.86709
10157,27/10/2019 0:00,-2.237305,0.9491621,315.1714,369.3474,-57.36247
10158,27/10/2019 0:30,-3.377167,0.7746683,314.5063,368.035,-57.68051
10159,27/10/2019 1:00,-3.260645,1.963295,312.7273,365.2151,-57.71173
10160,27/10/2019 1:30,-3.211238,1.613239,311.287,363.0692,-56.60665
10161,27/10/2019 2:00,-13.7325,-8.064342,311.7445,362.7025,-56.62619
10162,27/10/2019 2:30,-17.68964,-14.59624,311.5957,363.1707,-54.66845
10163,27/10/2019 3:00,-16.00872,-12.04691,311.5446,363.8859,-56.30303
10164,27/10/2019 3:30,-14.95112,-12.23831,310.8312,363.5425,-55.42406
10165,27/10/2019 4:00,-13.16323,-9.606467,310.9957,364.3539,-56.91492
10166,27/10/2019 4:30,-12.34626,-8.831773,315.5877,364.8539,-52.7807
10167,27/10/2019 5:00,-11.58411,-7.567634,326.6617,367.3741,-44.7289
10168,27/10/2019 5:30,-2.992697,-0.2724365,334.8961,370.6649,-38.48915
10169,27/10/2019 6:00,-2.931711,1.148226,317.3233,368.0204,-54.77707
10170,27/10/2019 6:30,-2.596498,1.815471,312.3426,365.6681,-57.73742
10171,27/10/2019 7:00,10.94836,4.005559,323.9915,368.7575,-37.82323
10172,27/10/2019 7:30,60.9809,10.53424,322.8035,372.0297,1.220515
10173,27/10/2019 8:00,62.38189,8.924926,315.8326,374.3385,-5.049008
10174,27/10/2019 8:30,115.5173,17.16503,311.0643,375.9845,33.43217
10175,27/10/2019 9:00,319.6158,46.30777,316.4001,388.5677,201.1404
10176,27/10/2019 9:30,464.5372,64.27102,341.6026,401.4893,340.3795
10177,27/10/2019 10:00,191.5143,23.61345,350.7757,399.0132,119.6633
10178,27/10/2019 10:30,444.4888,59.8188,346.1688,408.9763,321.8625
10179,27/10/2019 11:00,401.6039,52.55661,335.391,410.3029,274.1354
10180,27/10/2019 11:30,606.6103,79.56505,329.8156,423.7953,433.0655
10181,27/10/2019 12:00,605.2815,77.51091,331.79,428.3533,431.2072
10182,27/10/2019 12:30,640.6302,80.95242,335.0412,435.3229,459.3961
10183,27/10/2019 13:00,611.6904,75.58714,339.0947,439.3246,435.8734
10184,27/10/2019 13:30,571.5758,70.97697,347.755,441.6121,406.7418
10185,27/10/2019 14:00,382.1891,48.1396,361.864,436.711,259.2025
10186,27/10/2019 14:30,388.2975,48.09093,358.429,438.7634,259.8721
10187,27/10/2019 15:00,220.7467,27.88958,365.2977,431.646,126.5088
10188,27/10/2019 15:30,425.8489,49.93861,359.7291,439.8047,295.8347
10189,27/10/2019 16:00,185.1007,20.06463,355.1473,430.8257,89.35771
10190,27/10/2019 16:30,132.2588,15.71246,365.0254,427.3938,54.1779
10191,27/10/2019 17:00,41.7004,5.83737,368.905,420.9464,-16.17834
10192,27/10/2019 17:30,4.401528,1.036794,366.9326,412.5034,-42.20614
10193,27/10/2019 18:00,-2.847415,0.644479,363.6069,407.4515,-47.33654
10194,27/10/2019 18:30,-2.173401,0.7062259,371.5039,405.2807,-36.65644
10195,27/10/2019 19:00,-1.832255,0.6584218,373.6393,403.9639,-32.81525
10196,27/10/2019 19:30,-1.948896,0.4967656,372.1093,402.4915,-32.82786
10197,27/10/2019 20:00,-2.400611,0.2712591,370.0647,401.1389,-33.74609
10198,27/10/2019 20:30,-2.236683,1.257391,362.6803,398.0823,-38.89603
10199,27/10/2019 21:00,-1.927335,1.090382,359.6245,396.75,-40.14333
10200,27/10/2019 21:30,-1.655114,1.354219,364.7305,394.8268,-33.10573
10201,27/10/2019 22:00,-1.370481,1.003156,371.9505,396.166,-26.58916
10202,27/10/2019 22:30,-1.923235,0.2223369,374.1765,395.3071,-23.27615
10203,27/10/2019 23:00,-2.500707,-0.4872122,371.252,392.9251,-23.68659
10204,27/10/2019 23:30,-2.008801,-0.252117,371.6223,391.524,-21.65832
10205,28/10/2019 0:00,-0.5723373,0.9382788,372.8462,391.6422,-20.30664
10206,28/10/2019 0:30,-1.843855,-0.3404282,373.8116,392.1931,-19.88493
10207,28/10/2019 1:00,-2.066619,-0.05532362,370.3193,390.9517,-22.64377
10208,28/10/2019 1:30,-1.398354,0.9425324,366.6205,389.9872,-25.70767
10209,28/10/2019 2:00,-1.028154,1.021271,366.0988,389.6501,-25.60072
10210,28/10/2019 2:30,-3.013345,-0.4840516,356.5921,387.268,-33.20525
10211,28/10/2019 3:00,-3.111183,0.3670096,348.7946,384.3909,-39.07448
10212,28/10/2019 3:30,-6.862854,-2.979741,343.4247,383.7554,-44.21383
10213,28/10/2019 4:00,-3.604208,-0.4553167,344.4258,382.4586,-41.18175
10214,28/10/2019 4:30,-2.555546,1.763894,331.3701,379.5447,-52.49405
10215,28/10/2019 5:00,-1.267481,2.519273,333.6713,378.2025,-48.31795
10216,28/10/2019 5:30,-3.964407,0.2840934,328.4242,376.0763,-51.90058
10217,28/10/2019 6:00,-16.90911,-11.98423,331.2734,375.3885,-49.03997
10218,28/10/2019 6:30,-21.02864,-15.72419,330.3521,375.1423,-50.09468
10219,28/10/2019 7:00,-15.56991,-14.88398,340.8264,375.3711,-35.23067
10220,28/10/2019 7:30,22.66547,-10.17798,343.1849,380.2567,-4.228358
10221,28/10/2019 8:00,117.726,7.808492,340.0297,388.532,61.4152
10222,28/10/2019 8:30,196.2334,27.53343,328.4479,393.245,103.9029
10223,28/10/2019 9:00,283.3921,39.7578,331.6141,402.048,173.2003
10224,28/10/2019 9:30,364.7399,49.484,337.4334,410.2697,242.4196
10225,28/10/2019 10:00,325.5332,41.3775,372.2845,415.2874,241.1527
10226,28/10/2019 10:30,503.5852,66.62944,350.1214,424.8446,362.2326
10227,28/10/2019 11:00,507.7018,65.34588,351.0792,429.9135,363.5216
10228,28/10/2019 11:30,543.1752,69.30238,349.9846,432.4855,391.3719
10229,28/10/2019 12:00,597.959,75.4451,348.8361,436.7609,434.5891
10230,28/10/2019 12:30,601.9354,76.15664,346.5409,437.8366,434.4831
10231,28/10/2019 13:00,539.58,66.85155,350.3732,437.2838,385.8178
10232,28/10/2019 13:30,503.7556,61.98967,352.8939,436.9914,357.6685
10233,28/10/2019 14:00,511.9743,62.23972,348.6701,435.2065,363.1982
10234,28/10/2019 14:30,426.3904,50.46664,349.7027,433.7148,291.9116
10235,28/10/2019 15:00,377.3043,44.91072,349.2253,429.4412,252.1775
10236,28/10/2019 15:30,354.9428,40.15003,350.372,428.4487,236.7162
10237,28/10/2019 16:00,269.4624,29.23297,349.0855,423.3444,165.9705
10238,28/10/2019 16:30,112.3367,11.94766,348.3053,416.4341,32.26021
10239,28/10/2019 17:00,48.02642,6.61009,346.0057,409.8925,-22.47047
10240,28/10/2019 17:30,13.1989,3.05014,346.1936,404.631,-48.28869
10241,28/10/2019 18:00,-3.409733,1.137023,339.5289,398.5772,-63.59504
10242,28/10/2019 18:30,-3.643098,1.539237,334.9412,394.6508,-64.89194
10243,28/10/2019 19:00,-3.412253,1.713757,333.7147,391.7992,-63.21058
10244,28/10/2019 19:30,-3.127736,1.779762,334.5123,390.5218,-60.91699
10245,28/10/2019 20:00,-3.4134,1.14786,337.695,388.6655,-55.53166
10246,28/10/2019 20:30,-2.006748,0.7680573,359.8963,389.4975,-32.376
10247,28/10/2019 21:00,-1.536506,0.623387,366.7941,390.6354,-26.00112
10248,28/10/2019 21:30,-1.704645,0.5691453,367.1891,391.4127,-26.49733
10249,28/10/2019 22:00,-0.5857323,0.4531759,382.5825,393.4281,-11.88448
10250,28/10/2019 22:30,-0.8744764,-0.06701756,384.2665,394.9808,-11.52181
10251,28/10/2019 23:00,-0.9786651,0.1287269,383.3624,395.5067,-13.25174
10252,28/10/2019 23:30,-1.006482,0.07127582,384.3781,396.1992,-12.8989
10253,29/10/2019 0:00,-1.007519,0.06701967,384.3331,396.6452,-13.38659
10254,29/10/2019 0:30,-1.530355,0.1191473,378.0072,396.337,-19.97931
10255,29/10/2019 1:00,-1.812896,-0.08829443,373.9931,395.6725,-23.40399
10256,29/10/2019 1:30,-1.299361,0.4297851,378.3607,395.3762,-18.74461
10257,29/10/2019 2:00,-1.258083,-0.1191423,383.8445,396.7415,-14.03587
10258,29/10/2019 2:30,-2.429541,0.09893177,361.7387,394.2311,-35.02089
10259,29/10/2019 3:00,-2.006726,0.4861495,364.5362,393.0219,-30.97861
10260,29/10/2019 3:30,-3.114278,-1.286128,370.1301,392.9241,-24.62208
10261,29/10/2019 4:00,-12.30581,-9.679707,356.3014,390.7838,-37.10851
10262,29/10/2019 4:30,-12.89966,-11.30829,357.3558,390.1701,-34.40572
10263,29/10/2019 5:00,-13.2193,-10.16573,337.8479,389.344,-54.54965
10264,29/10/2019 5:30,-14.52493,-10.75515,333.1537,387.4781,-58.09422
10265,29/10/2019 6:00,-14.36078,-10.63374,331.4807,387.1069,-59.35317
10266,29/10/2019 6:30,-14.11539,-10.45611,329.2103,385.9949,-60.44392
10267,29/10/2019 7:00,-7.241296,-8.975407,345.4846,387.9396,-40.72096
10268,29/10/2019 7:30,28.16682,-3.959545,331.5325,389.4589,-25.80005
10269,29/10/2019 8:00,105.9777,5.613669,328.0256,390.9819,37.40772
10270,29/10/2019 8:30,202.2285,25.69488,328.695,398.916,106.3127
10271,29/10/2019 9:00,296.1133,41.21426,331.7997,408.3648,178.3339
10272,29/10/2019 9:30,369.3052,50.00892,333.6207,415.5764,237.3406
10273,29/10/2019 10:00,454.0638,59.63166,335.843,422.7477,307.5275
10274,29/10/2019 10:30,521.6454,68.81361,338.1981,429.0765,361.9535
10275,29/10/2019 11:00,570.7675,74.55135,340.101,435.0821,401.235
10276,29/10/2019 11:30,606.346,77.86447,341.6272,439.8949,430.2138
10277,29/10/2019 12:00,615.6528,78.9306,341.9219,442.8427,435.8014
10278,29/10/2019 12:30,619.7665,78.45088,348.8142,445.6105,444.5192
10279,29/10/2019 13:00,554.7816,68.13905,353.259,446.4164,393.4851
10280,29/10/2019 13:30,483.5265,58.73903,347.7429,441.2131,331.3173
10281,29/10/2019 14:00,562.2323,67.12603,347.0669,446.3577,395.8154
10282,29/10/2019 14:30,497.9551,57.82318,347.9279,444.9602,343.0996
10283,29/10/2019 15:00,431.9351,49.22835,349.449,440.5856,291.5701
10284,29/10/2019 15:30,207.2009,21.3859,349.5706,430.7047,104.6809
10285,29/10/2019 16:00,189.2089,20.55002,348.2215,425.2504,91.62996
10286,29/10/2019 16:30,151.2252,15.57805,348.6228,423.0681,61.20186
10287,29/10/2019 17:00,52.94192,6.31523,347.4316,417.3086,-23.25028
10288,29/10/2019 17:30,9.156157,2.058835,344.0952,411.0726,-59.88009
10289,29/10/2019 18:00,-3.392945,1.369854,345.1351,406.6579,-66.28554
10290,29/10/2019 18:30,-3.811852,1.48272,343.9451,403.6526,-65.00202
10291,29/10/2019 19:00,-3.133682,1.707291,343.4157,401.4875,-62.91269
10292,29/10/2019 19:30,-3.198788,1.611629,343.4325,400.5487,-61.92661
10293,29/10/2019 20:00,-3.147174,1.543518,347.0997,398.5687,-56.15967
10294,29/10/2019 20:30,-2.845155,1.30636,350.5168,397.7129,-51.34761
10295,29/10/2019 21:00,-3.107058,0.7701878,352.1543,396.5462,-48.26913
10296,29/10/2019 21:30,-3.373113,1.395703,343.3706,392.8574,-54.25564
10297,29/10/2019 22:00,-2.564639,2.087162,336.3754,390.4033,-58.67969
10298,29/10/2019 22:30,-3.12043,1.949922,335.7196,387.8973,-57.24804
10299,29/10/2019 23:00,-2.915214,1.462702,334.7764,385.6785,-55.28001
10300,29/10/2019 23:30,-0.7043247,2.614825,346.4278,386.8921,-43.78341
10301,30/10/2019 0:00,-1.311747,1.596815,358.9925,388.4606,-32.37667
10302,30/10/2019 0:30,-2.766783,-0.6021104,362.9928,388.145,-27.31693
10303,30/10/2019 1:00,-11.7293,-8.26586,361.6889,386.0214,-27.79592
10304,30/10/2019 1:30,-18.39517,-13.78065,362.8011,386.9063,-28.7197
10305,30/10/2019 2:00,-18.57417,-14.40691,357.9231,386.5819,-32.82611
10306,30/10/2019 2:30,-17.27271,-13.11434,353.9688,386.4913,-36.68087
10307,30/10/2019 3:00,-12.79517,-8.781521,360.2627,384.5548,-28.30575
10308,30/10/2019 3:30,-19.87984,-16.88992,358.731,385.1274,-29.38639
10309,30/10/2019 4:00,-19.26844,-16.69,371.5112,388.3647,-19.43185
10310,30/10/2019 4:30,-18.1216,-15.3006,365.8982,386.6844,-23.6072
10311,30/10/2019 5:00,-20.82136,-20.48664,358.7501,385.8324,-27.41709
10312,30/10/2019 5:30,-18.40913,-15.28236,345.3432,382.4123,-40.19584
10313,30/10/2019 6:00,-18.67232,-12.77836,330.7771,378.3646,-53.48142
10314,30/10/2019 6:30,-18.53788,-12.02561,328.4431,375.8831,-53.95226
10315,30/10/2019 7:00,-13.30877,-11.38557,327.6555,375.2352,-49.50301
10316,30/10/2019 7:30,35.46066,-3.964157,335.4431,377.9812,-3.113329
10317,30/10/2019 8:00,56.43958,-2.894912,346.4356,383.7503,22.01978
10318,30/10/2019 8:30,116.9645,1.739354,345.2986,388.5465,71.97723
10319,30/10/2019 9:00,150.4243,7.208669,361.4239,396.2152,108.4243
10320,30/10/2019 9:30,233.2115,26.52367,355.6418,402.3202,160.0094
10321,30/10/2019 10:00,402.3449,52.62144,344.1373,411.1172,282.7436
10322,30/10/2019 10:30,453.542,57.8787,348.6824,421.8382,322.5075
10323,30/10/2019 11:00,475.1391,60.93904,368.6262,430.4114,352.4149
10324,30/10/2019 11:30,426.6025,53.41751,385.3676,434.0992,324.4534
10325,30/10/2019 12:00,356.5897,43.63415,396.1855,436.4847,272.6565
10326,30/10/2019 12:30,213.8383,24.24121,400.0948,431.6975,157.9944
10327,30/10/2019 13:00,134.0281,14.70072,399.9718,425.7647,93.53451
10328,30/10/2019 13:30,74.01432,7.509458,400.7634,420.6664,46.60176
10329,30/10/2019 14:00,80.65755,9.185187,397.8377,417.3159,51.99423
10330,30/10/2019 14:30,161.8792,20.27781,398.1736,423.4042,116.3708
10331,30/10/2019 15:00,145.6651,17.64688,400.5356,425.1757,103.3782
10332,30/10/2019 15:30,124.5843,15.41098,397.4573,423.9152,82.71536
10333,30/10/2019 16:00,105.199,13.93501,390.7764,422.087,59.95341
10334,30/10/2019 16:30,38.72984,6.575589,399.33,417.5806,13.90373
10335,30/10/2019 17:00,17.12291,3.054402,396.6186,414.3036,-3.616484
10336,30/10/2019 17:30,3.237281,0.6455746,396.3199,411.4532,-12.54154
10337,30/10/2019 18:00,-6.43559,0.9785026,399.1497,407.7516,-16.01608
10338,30/10/2019 18:30,-11.51516,-5.440636,399.8067,404.1504,-10.41815
10339,30/10/2019 19:00,-20.35353,-12.91025,388.2397,405.3896,-24.59318
10340,30/10/2019 19:30,-17.15988,-14.6586,392.0889,404.892,-15.30432
10341,30/10/2019 20:00,-14.97582,-13.86288,394.0371,403.7195,-10.79527
10342,30/10/2019 20:30,-15.26238,-14.734,396.9016,404.041,-7.667783
10343,30/10/2019 21:00,-14.95753,-14.31098,378.2923,402.1481,-24.50229
10344,30/10/2019 21:30,-13.2571,-12.96959,389.8885,402.0562,-12.45517
10345,30/10/2019 22:00,-15.16354,-13.07893,368.618,400.2585,-33.72504
10346,30/10/2019 22:30,-15.47592,-14.26815,399.2075,403.3934,-5.393708
10347,30/10/2019 23:00,-14.72957,-15.02044,402.2505,404.7047,-2.163325
10348,30/10/2019 23:30,-13.3991,-13.17352,380.2015,402.8626,-22.88665
10349,31/10/2019 0:00,-12.54842,-10.67799,360.7237,400.5013,-41.64804
10350,31/10/2019 0:30,-12.15353,-9.821708,355.4118,399.6145,-46.53454
10351,31/10/2019 1:00,-13.14457,-10.20897,349.8794,398.9861,-52.04234
10352,31/10/2019 1:30,-12.93605,-10.0971,347.6912,398.5778,-53.72556
10353,31/10/2019 2:00,-12.42073,-9.485651,347.1039,397.9842,-53.81539
10354,31/10/2019 2:30,-13.60447,-10.26534,340.7649,396.3726,-58.9468
10355,31/10/2019 3:00,-12.92061,-9.812038,340.2509,395.2017,-58.05934
10356,31/10/2019 3:30,-12.12786,-8.798447,340.3736,395.1914,-58.14721
10357,31/10/2019 4:00,-11.21213,-8.463338,346.684,395.7857,-51.85051
10358,31/10/2019 4:30,-10.6163,-8.793264,358.676,396.295,-39.44202
10359,31/10/2019 5:00,-10.51918,-8.814387,360.9688,396.7627,-37.49868
10360,31/10/2019 5:30,-10.71205,-9.162275,367.3566,397.2064,-31.39967
10361,31/10/2019 6:00,-11.13164,-9.599389,364.7919,397.0602,-33.80051
10362,31/10/2019 6:30,-12.69598,-10.21534,358.2539,395.8883,-40.11505
10363,31/10/2019 7:00,-9.493255,-10.10377,358.9326,395.6338,-36.09071
10364,31/10/2019 7:30,13.33034,-5.858232,365.6371,397.4505,-12.62486
10365,31/10/2019 8:00,98.36104,5.354981,365.7159,400.2033,58.51861
10366,31/10/2019 8:30,97.19523,2.323199,381.1818,403.7777,72.27612
10367,31/10/2019 9:00,154.4577,8.466119,361.9246,405.8094,102.1067
10368,31/10/2019 9:30,361.0696,41.70469,364.7579,416.4307,267.6921
10369,31/10/2019 10:00,280.8403,34.17887,350.7018,413.8425,183.5206
10370,31/10/2019 10:30,477.5382,61.49498,350.7386,423.2444,343.5374
10371,31/10/2019 11:00,524.5674,66.84068,353.7234,426.9485,384.5016
10372,31/10/2019 11:30,522.839,66.34296,352.9629,427.93,381.529
10373,31/10/2019 12:00,515.9785,65.24592,355.3301,431.9316,374.131
10374,31/10/2019 12:30,419.5273,52.22,362.4298,430.1065,299.6307
10375,31/10/2019 13:00,353.1439,44.0591,373.9149,429.6816,253.3181
10376,31/10/2019 13:30,319.0829,40.19505,389.1118,430.4216,237.5781
10377,31/10/2019 14:00,480.5639,61.06306,390.1945,439.5867,370.1087
10378,31/10/2019 14:30,408.4854,48.19616,374.8144,439.1093,295.9944
10379,31/10/2019 15:00,332.383,40.04675,381.803,436.4515,237.6879
10380,31/10/2019 15:30,237.6894,27.17517,376.0603,430.9116,155.6629
10381,31/10/2019 16:00,115.8841,11.55878,361.4905,423.3228,42.49308
10382,31/10/2019 16:30,74.87072,7.576225,360.36,420.6126,7.04184
10383,31/10/2019 17:00,27.51575,3.300762,358.8183,416.1407,-33.10743
10384,31/10/2019 17:30,4.272012,1.037943,376.4967,414.1795,-34.44873
10385,31/10/2019 18:00,-2.832055,0.7380937,360.9574,410.0901,-52.70283
10386,31/10/2019 18:30,-2.585846,0.9976758,365.4308,407.9772,-46.12988
10387,31/10/2019 19:00,-1.779655,1.351907,368.6847,409.4804,-43.92728
10388,31/10/2019 19:30,-2.270491,1.049851,365.1172,409.4295,-47.63263
10389,31/10/2019 20:00,-3.217118,0.2903858,360.865,408.318,-50.96053
10390,31/10/2019 20:30,-9.850665,-6.680261,359.0734,407.3086,-51.40561
10391,31/10/2019 21:00,-10.22677,-7.669337,361.1571,407.7522,-49.15254
10392,31/10/2019 21:30,-10.45796,-7.915218,359.8149,406.9757,-49.70351
10393,31/10/2019 22:00,-9.450368,-6.991788,363.6794,407.5731,-46.35222
10394,31/10/2019 22:30,-9.816709,-8.946089,391.037,409.3837,-19.21733
10395,31/10/2019 23:00,-11.9067,-10.18733,376.0527,408.0504,-33.71696
10396,31/10/2019 23:30,-12.46772,-9.969313,361.4617,405.4135,-46.45025
10397,01/11/2019 0:00,-11.40871,-8.831105,354.7986,403.5605,-51.3395
10398,01/11/2019 0:30,-12.43683,-9.191757,352.1956,402.7593,-53.80882
10399,01/11/2019 1:00,-12.01807,-8.61513,349.1237,401.5909,-55.87013
10400,01/11/2019 1:30,-11.4621,-8.351199,347.4546,400.1564,-55.81271
10401,01/11/2019 2:00,-10.34658,-7.146128,350.4928,399.9804,-52.68808
10402,01/11/2019 2:30,-10.69721,-7.736526,359.6448,400.8682,-44.18413
10403,01/11/2019 3:00,-11.83342,-9.280965,369.0754,401.2464,-34.72351
10404,01/11/2019 3:30,-12.19033,-10.97134,371.8122,401.0566,-30.4635
10405,01/11/2019 4:00,-11.55625,-9.242842,351.9633,398.8233,-49.17336
10406,01/11/2019 4:30,-9.41546,-9.393792,393.1783,401.4467,-8.290089
10407,01/11/2019 5:00,-11.43329,-11.59877,396.8336,402.2703,-5.27121
10408,01/11/2019 5:30,-9.84843,-10.10957,398.9477,402.4871,-3.278258
10409,01/11/2019 6:00,-11.57658,-12.03485,401.8363,403.1,-0.8054423
10410,01/11/2019 6:30,-11.23107,-11.69331,401.6294,403.4096,-1.317928
10411,01/11/2019 7:00,-10.56063,-11.45163,402.1859,403.6686,-0.5917684
10412,01/11/2019 7:30,-5.551588,-10.74558,402.8072,404.3159,3.685314
10413,01/11/2019 8:00,6.836409,-8.714972,404.0698,406.0945,13.52667
10414,01/11/2019 8:30,39.83079,-3.700549,404.3444,407.6308,40.24497
10415,01/11/2019 9:00,45.63799,-3.258147,405.1259,409.6855,44.33658
10416,01/11/2019 9:30,92.49277,2.517782,407.0743,413.819,83.23034
10417,01/11/2019 10:00,82.42902,1.128461,407.7031,414.7769,74.22676
10418,01/11/2019 10:30,132.093,7.60159,406.1019,417.9398,112.6535
10419,01/11/2019 11:00,219.3741,19.47939,402.7336,422.2984,180.33
10420,01/11/2019 11:30,307.7476,36.15332,407.1534,429.9196,248.828
10421,01/11/2019 12:00,214.2859,25.56967,410.13,430.2031,168.6432
10422,01/11/2019 12:30,132.2434,15.98394,409.4124,426.6922,98.97962
10423,01/11/2019 13:00,217.8189,27.59731,408.5377,432.2781,166.4812
10424,01/11/2019 13:30,264.5677,33.49062,411.6362,434.1656,208.5476
10425,01/11/2019 14:00,255.9707,32.83984,408.2556,436.018,195.3685
10426,01/11/2019 14:30,174.0841,21.26266,409.6265,433.8309,128.617
10427,01/11/2019 15:00,292.4626,36.21405,387.8327,436.8162,207.2651
10428,01/11/2019 15:30,189.3795,22.96637,383.2654,432.1272,117.5514
10429,01/11/2019 16:00,149.6758,16.45427,375.3266,428.7107,79.83736
10430,01/11/2019 16:30,66.87883,8.654263,404.8359,428.1197,34.94081
10431,01/11/2019 17:00,35.001,4.431999,407.6716,426.2675,11.97306
10432,01/11/2019 17:30,5.161289,0.5816708,381.1066,421.1732,-35.48696
10433,01/11/2019 18:00,-1.823579,0.09570483,389.7637,419.0207,-31.17625
10434,01/11/2019 18:30,-1.81334,-0.2690552,394.2903,418.6701,-25.92416
10435,01/11/2019 19:00,-3.188654,0.2116375,365.0204,413.8115,-52.19129
10436,01/11/2019 19:30,-1.752683,0.1084789,386.9137,414.7609,-29.70837
10437,01/11/2019 20:00,-3.060043,0.008508954,366.5015,410.7752,-47.34226
10438,01/11/2019 20:30,-2.810586,0.4211852,365.5686,408.6237,-46.28691
10439,01/11/2019 21:00,-2.559091,0.5594764,369.2008,406.8639,-40.78164
10440,01/11/2019 21:30,-0.9352098,0.1606126,398.8105,410.3054,-12.5907
10441,01/11/2019 22:00,-1.852852,-0.2212429,386.3724,408.6377,-23.8968
10442,01/11/2019 22:30,-1.943666,-0.1659358,382.306,407.4284,-26.9001
10443,01/11/2019 23:00,-2.427307,0.2467798,367.4903,404.675,-39.85884
10444,01/11/2019 23:30,-1.463176,0.2744371,382.6602,406.1219,-25.19934
10445,02/11/2019 0:00,-0.9878142,-0.1595548,396.8358,407.2317,-11.2241
10446,02/11/2019 0:30,-1.094039,-0.2478458,398.6737,407.9048,-10.07733
10447,02/11/2019 1:00,-5.900159,0.09678756,398.6917,405.601,-12.90627
10448,02/11/2019 1:30,-10.43916,-5.849303,387.0496,404.1349,-21.67518
10449,02/11/2019 2:00,-10.69378,-7.968163,353.4457,401.1247,-50.40467
10450,02/11/2019 2:30,-10.6928,-9.331873,373.7636,401.3867,-28.98405
10451,02/11/2019 3:00,-11.01251,-9.594666,368.7786,401.3008,-33.94005
10452,02/11/2019 3:30,-13.30793,-9.943645,343.8169,398.007,-57.55436
10453,02/11/2019 4:00,-10.96215,-10.65003,389.376,400.8574,-11.79349
10454,02/11/2019 4:30,-10.79916,-10.02981,380.9138,401.2063,-21.06186
10455,02/11/2019 5:00,-10.22075,-8.983163,377.0822,401.3837,-25.53911
10456,02/11/2019 5:30,-12.57259,-8.02882,384.147,401.2509,-21.64771
10457,02/11/2019 6:00,-10.75769,-8.815924,373.8817,400.6097,-28.66983
10458,02/11/2019 6:30,-11.18476,-8.713953,377.3646,400.161,-25.2672
10459,02/11/2019 7:00,-7.047775,-8.327753,389.0301,400.8668,-10.55666
10460,02/11/2019 7:30,13.11489,-6.009936,392.4354,401.9167,9.64359
10461,02/11/2019 8:00,71.80571,1.87421,379.5266,404.7701,44.68813
10462,02/11/2019 8:30,144.9148,19.24696,387.1001,408.9612,103.8067
10463,02/11/2019 9:00,113.8155,13.76178,389.5918,409.1159,80.52962
10464,02/11/2019 9:30,146.4902,18.60484,392.5371,411.0293,109.3932
10465,02/11/2019 10:00,108.691,12.87857,394.9292,411.2291,79.51249
10466,02/11/2019 10:30,250.0393,32.81668,378.4468,413.2586,182.4108
10467,02/11/2019 11:00,324.131,41.35595,388.0637,420.7647,250.074
10468,02/11/2019 11:30,169.2346,21.57936,395.9004,416.2439,127.3118
10469,02/11/2019 12:00,281.1916,35.91267,371.4643,420.8257,195.9176
10470,02/11/2019 12:30,485.8491,62.56338,372.7462,432.1371,363.8949
10471,02/11/2019 13:00,186.557,22.24657,397.0311,414.5626,146.7789
10472,02/11/2019 13:30,537.4628,58.29022,370.347,421.3875,428.1322
10473,02/11/2019 14:00,259.7316,35.5211,381.0058,419.5583,185.6581
10474,02/11/2019 14:30,137.8994,18.52789,395.7923,417.4479,97.71593
10475,02/11/2019 15:00,99.90302,12.3283,397.3111,416.1919,68.69391
10476,02/11/2019 15:30,63.50888,7.871291,393.2336,409.7618,39.1094
10477,02/11/2019 16:00,79.92242,11.44953,373.4443,406.0972,35.81995
10478,02/11/2019 16:30,53.29677,7.457174,358.9458,405.6448,-0.8594822
10479,02/11/2019 17:00,17.08933,2.939975,375.8922,405.3799,-15.33829
10480,02/11/2019 17:30,1.233215,0.5828985,382.8369,405.4133,-21.92608
10481,02/11/2019 18:00,-2.617945,0.4212134,361.3763,402.843,-44.50589
10482,02/11/2019 18:30,-2.611767,0.5126893,359.9874,401.2312,-44.36824
10483,02/11/2019 19:00,-2.121004,0.5148247,365.0736,400.7334,-38.29565
10484,02/11/2019 19:30,-2.058124,0.08296885,370.8547,399.914,-31.20034
10485,02/11/2019 20:00,-2.139582,0.08615871,368.4536,398.9356,-32.70775
10486,02/11/2019 20:30,-2.500511,0.1531754,358.6247,397.4369,-41.46589
10487,02/11/2019 21:00,-2.793337,0.2340148,350.8243,395.3751,-47.57814
10488,02/11/2019 21:30,-2.072531,0.0648852,367.61,395.2468,-29.77428
10489,02/11/2019 22:00,-1.697238,-0.03297592,372.968,395.0067,-23.70299
10490,02/11/2019 22:30,-2.30145,-0.1510441,360.5352,392.9015,-34.51665
10491,02/11/2019 23:00,-1.313614,-0.2159238,379.227,393.2473,-15.118
10492,02/11/2019 23:30,-1.327031,-0.2042266,378.0234,392.8499,-15.94936
10493,03/11/2019 0:00,-1.076496,-0.2957091,382.1575,392.903,-11.52629
10494,03/11/2019 0:30,-1.24046,-0.1350917,377.015,393.0454,-17.13577
10495,03/11/2019 1:00,-1.542535,0.1989087,368.1759,392.5381,-26.10362
10496,03/11/2019 1:30,-1.268257,-0.07764763,372.8663,392.7325,-21.05679
10497,03/11/2019 2:00,-1.396144,0.1489176,370.765,392.633,-23.41308
10498,03/11/2019 2:30,-1.213656,-0.03616938,376.322,393.0789,-17.93449
10499,03/11/2019 3:00,-1.561114,-0.05424819,369.6802,392.8548,-24.68139
10500,03/11/2019 3:30,-1.041439,-0.1521105,380.2266,393.2994,-13.96214
10501,03/11/2019 4:00,-1.107447,-0.1638125,377.3108,393.5417,-17.1745
10502,03/11/2019 4:30,-1.316782,-0.3052914,375.8306,393.5604,-18.74134
10503,03/11/2019 5:00,-1.229125,-0.1031793,376.7659,393.2835,-17.64346
10504,03/11/2019 5:30,-0.968232,-0.2606077,382.5503,394.1143,-12.27161
10505,03/11/2019 6:00,-2.266453,-0.3137987,384.1187,393.815,-11.649
10506,03/11/2019 6:30,-6.622038,-3.242258,379.4641,392.6178,-16.53351
10507,03/11/2019 7:00,-7.326241,-2.435907,377.3062,391.8318,-19.41585
10508,03/11/2019 7:30,10.97666,-1.847684,340.0144,389.8971,-37.05835
10509,03/11/2019 8:00,39.25659,0.0287283,358.1423,391.3711,5.999067
10510,03/11/2019 8:30,44.02241,0.3063531,380.7415,394.1809,30.27671
10511,03/11/2019 9:00,130.0099,15.74066,343.945,393.8614,64.35284
10512,03/11/2019 9:30,141.4578,15.6547,341.0296,396.7635,70.06921
10513,03/11/2019 10:00,232.0352,30.43672,323.3085,398.1141,126.7929
10514,03/11/2019 10:30,515.0163,70.1991,317.7568,407.131,355.4431
10515,03/11/2019 11:00,616.7762,84.58224,331.719,413.3742,450.5388
10516,03/11/2019 11:30,692.2427,94.70026,340.8607,419.0793,519.3239
10517,03/11/2019 12:00,694.848,93.7255,338.0051,421.4785,517.649
10518,03/11/2019 12:30,695.3923,93.68428,336.3386,422.236,515.8107
10519,03/11/2019 13:00,649.1016,85.33142,329.1803,421.0536,471.8968
10520,03/11/2019 13:30,706.2836,93.52037,350.5677,425.0739,538.2568
10521,03/11/2019 14:00,609.3246,79.79636,352.2336,424.1949,457.5669
10522,03/11/2019 14:30,484.9235,60.7721,335.8937,418.7531,341.2921
10523,03/11/2019 15:00,382.1784,47.07619,328.9339,413.4508,250.5853
10524,03/11/2019 15:30,336.4625,40.03194,329.1888,412.2875,213.3319
10525,03/11/2019 16:00,245.7521,26.4424,325.5226,407.1475,137.6847
10526,03/11/2019 16:30,141.2218,13.90118,327.9711,403.0822,52.20953
10527,03/11/2019 17:00,56.03226,5.875226,336.6969,400.3665,-13.51258
10528,03/11/2019 17:30,3.285001,1.115774,356.8472,397.7045,-38.68808
10529,03/11/2019 18:00,-0.8279774,0.4892935,383.162,399.7497,-17.90496
10530,03/11/2019 18:30,-1.201254,0.1340263,385.0294,400.4964,-16.80237
10531,03/11/2019 19:00,-1.264142,0.04573935,385.1482,400.3976,-16.55935
10532,03/11/2019 19:30,-1.282712,-0.05424748,384.9743,400.553,-16.80715
10533,03/11/2019 20:00,-1.452855,-0.3254923,384.2051,400.1838,-17.10607
10534,03/11/2019 20:30,-1.30745,-0.1978461,383.3652,399.062,-16.80634
10535,03/11/2019 21:00,-1.430171,-0.2871992,382.5383,397.937,-16.54171
10536,03/11/2019 21:30,-2.356161,-0.1680651,361.6005,395.4382,-36.0258
10537,03/11/2019 22:00,-1.633312,0.2520987,371.6641,394.7662,-24.9875
10538,03/11/2019 22:30,-1.685877,-0.01807987,371.679,394.7287,-24.71749
10539,03/11/2019 23:00,-1.260074,-0.3776262,382.5125,395.6052,-13.97519
10540,03/11/2019 23:30,-2.818101,-0.160621,354.5983,392.0605,-40.11977
10541,04/11/2019 0:00,-3.245062,0.5414466,343.7681,387.5244,-47.54288
10542,04/11/2019 0:30,-1.247708,0.7286602,367.3068,390.2285,-24.89804
10543,04/11/2019 1:00,-1.138396,0.0021279,378.0223,391.7105,-14.82876
10544,04/11/2019 1:30,-1.05075,-0.2808259,381.5023,392.7026,-11.97015
10545,04/11/2019 2:00,-0.957953,-0.1446697,384.5263,393.4624,-9.749339
10546,04/11/2019 2:30,-5.266937,-1.902937,384.3482,391.3657,-10.38152
10547,04/11/2019 3:00,-9.804044,-7.598105,382.4397,389.228,-8.994159
10548,04/11/2019 3:30,-10.27418,-8.864932,359.0486,388.0827,-30.44341
10549,04/11/2019 4:00,-11.29487,-10.23805,372.5433,388.4038,-16.91729
10550,04/11/2019 4:30,-11.03533,-10.43299,370.5535,388.7953,-18.8441
10551,04/11/2019 5:00,-9.96586,-9.044682,366.6362,388.3795,-22.66459
10552,04/11/2019 5:30,-10.52695,-8.991611,377.7466,389.1817,-12.97034
10553,04/11/2019 6:00,-10.43437,-5.976105,369.301,385.0039,-20.16119
10554,04/11/2019 6:30,-10.11263,-6.552645,381.1109,386.4043,-8.853393
10555,04/11/2019 7:00,-8.270165,-6.298593,383.1308,385.9389,-4.779637
10556,04/11/2019 7:30,4.754814,-5.15505,379.2733,385.6655,3.517647
10557,04/11/2019 8:00,21.50457,-4.580619,367.3777,387.6824,5.780484
10558,04/11/2019 8:30,22.24273,-5.53795,381.1507,389.5091,19.42229
10559,04/11/2019 9:00,88.39169,2.235985,380.6125,392.7376,74.03063
10560,04/11/2019 9:30,223.1904,21.84668,355.6001,395.9887,160.9552
10561,04/11/2019 10:00,332.2767,41.58664,364.4091,405.7778,249.3214
10562,04/11/2019 10:30,184.6128,22.74969,381.9844,403.458,140.3895
10563,04/11/2019 11:00,373.4289,49.19851,366.8648,410.3214,280.7738
10564,04/11/2019 11:30,215.5008,27.34135,386.4629,409.1701,165.4522
10565,04/11/2019 12:00,298.626,39.2171,386.1264,413.046,232.4893
10566,04/11/2019 12:30,192.8026,24.73619,385.2625,408.522,144.8069
10567,04/11/2019 13:00,396.9736,53.81176,377.2644,413.5453,306.8809
10568,04/11/2019 13:30,188.9349,23.56818,384.5945,413.3876,136.5736
10569,04/11/2019 14:00,110.0863,13.85224,390.7875,411.1664,75.85522
10570,04/11/2019 14:30,97.57118,12.64301,391.2694,408.5698,67.62782
10571,04/11/2019 15:00,67.34905,9.314266,388.1719,402.8164,43.39033
10572,04/11/2019 15:30,49.60494,7.680756,388.709,398.4954,32.1377
10573,04/11/2019 16:00,33.73111,1.917826,389.7406,396.6781,24.87583
10574,04/11/2019 16:30,10.81662,-2.342284,388.6535,395.9355,5.876879
10575,04/11/2019 17:00,8.205762,-0.8892624,385.7987,391.4018,3.491976
10576,04/11/2019 17:30,-1.709694,-3.050782,379.0145,388.8236,-8.468057
10577,04/11/2019 18:00,-8.740269,-5.808104,361.3677,387.4568,-29.02126
10578,04/11/2019 18:30,-9.218897,-6.741137,357.656,385.9259,-30.74765
10579,04/11/2019 19:00,-8.737458,-7.646516,364.8881,387.3593,-23.56222
10580,04/11/2019 19:30,-10.04299,-6.533815,324.4853,384.1785,-63.20242
10581,04/11/2019 20:00,-4.968481,-2.993563,348.3654,384.8197,-38.42917
10582,04/11/2019 20:30,-3.221642,0.4468116,325.0055,382.5788,-61.24174
10583,04/11/2019 21:00,-2.57199,0.6670371,337.4278,381.351,-47.16225
10584,04/11/2019 21:30,-2.854662,0.5021547,327.0816,380.4665,-56.74177
10585,04/11/2019 22:00,-3.486849,0.5234325,315.974,376.9001,-64.93639
10586,04/11/2019 22:30,-2.84436,0.6904669,326.7672,375.832,-52.59967
10587,04/11/2019 23:00,-2.050287,0.3170455,347.5251,376.4514,-31.29365
10588,04/11/2019 23:30,-2.214318,0.540482,348.2048,375.8649,-30.41492
10589,05/11/2019 0:00,-2.655766,0.364934,341.3861,374.674,-36.30868
10590,05/11/2019 0:30,-6.236686,-1.668283,315.3543,370.7781,-59.99221
10591,05/11/2019 1:00,-11.14101,-7.298828,317.8729,369.4119,-55.38123
10592,05/11/2019 1:30,-10.872,-7.873495,318.1078,369.4337,-54.32446
10593,05/11/2019 2:00,-9.900406,-7.317016,327.1652,369.6341,-45.05231
10594,05/11/2019 2:30,-4.096766,-0.7543578,318.8937,369.6511,-54.09984
10595,05/11/2019 3:00,-4.042262,0.8714445,296.7897,366.0598,-74.18388
10596,05/11/2019 3:30,-4.167117,1.257709,290.6474,363.6533,-78.4307
10597,05/11/2019 4:00,-4.090944,1.250306,287.4745,362.0392,-79.90592
10598,05/11/2019 4:30,-3.859944,1.407815,288.0456,361.7973,-79.01945
10599,05/11/2019 5:00,-2.951247,1.275895,305.1411,362.7781,-61.86411
10600,05/11/2019 5:30,-4.154014,1.039654,290.5331,361.3805,-76.04101
10601,05/11/2019 6:00,-8.783724,-3.133912,289.1776,358.5832,-75.0554
10602,05/11/2019 6:30,-13.24172,-10.10883,321.6573,361.1534,-42.62897
10603,05/11/2019 7:00,-11.33079,-11.66002,347.3262,365.1478,-17.49236
10604,05/11/2019 7:30,21.37142,-7.22765,340.2715,366.6525,2.218075
10605,05/11/2019 8:00,105.3715,6.302336,322.7891,369.2159,52.6423
10606,05/11/2019 8:30,165.3759,21.25752,339.2272,374.2687,109.0769
10607,05/11/2019 9:00,157.0604,19.69245,351.636,376.7435,112.2605
10608,05/11/2019 9:30,339.9344,47.28321,354.1102,386.0019,260.7594
10609,05/11/2019 10:00,389.8503,52.50336,329.6296,391.3652,275.6114
10610,05/11/2019 10:30,444.0046,60.32537,306.4478,392.1039,298.0232
10611,05/11/2019 11:00,511.9797,69.63543,314.5314,398.5681,358.3076
10612,05/11/2019 11:30,554.9323,73.91424,311.107,402.0179,390.1071
10613,05/11/2019 12:00,454.2932,60.22727,332.1809,404.4574,321.7893
10614,05/11/2019 12:30,366.7409,47.08139,322.8436,400.2621,242.2411
10615,05/11/2019 13:00,477.4793,61.5289,327.884,409.7439,334.0905
10616,05/11/2019 13:30,315.2344,39.8996,335.1545,404.0413,206.448
10617,05/11/2019 14:00,402.1405,50.43795,317.5009,403.4842,265.7192
10618,05/11/2019 14:30,499.9682,63.61937,326.8704,411.0398,352.1794
10619,05/11/2019 15:00,295.489,36.83701,351.6932,408.6039,201.7413
10620,05/11/2019 15:30,254.3267,31.25944,327.0192,403.1663,146.9202
10621,05/11/2019 16:00,157.275,19.44967,339.1652,400.4832,76.50732
10622,05/11/2019 16:30,88.72719,10.53946,348.7992,396.8945,30.09241
10623,05/11/2019 17:00,69.03313,7.928386,330.8786,393.8864,-1.90307
10624,05/11/2019 17:30,8.558804,2.010277,321.0519,388.8613,-61.26093
10625,05/11/2019 18:00,-4.249313,0.9754233,305.599,383.9478,-83.57355
10626,05/11/2019 18:30,-4.374208,1.01907,304.071,380.9427,-82.26502
10627,05/11/2019 19:00,-4.479558,0.9893185,304.4941,378.8939,-79.86872
10628,05/11/2019 19:30,-3.981593,1.53934,306.6376,376.2313,-75.11461
10629,05/11/2019 20:00,-3.750694,1.724487,309.1613,374.4104,-70.72427
10630,05/11/2019 20:30,-3.833281,1.141527,304.9424,372.9209,-72.9533
10631,05/11/2019 21:00,-2.299894,1.568221,323.1396,375.4433,-56.17186
10632,05/11/2019 21:30,-1.597588,0.7043368,348.2682,378.9714,-33.00515
10633,05/11/2019 22:00,-2.934204,0.7053925,326.3867,378.2801,-55.53303
10634,05/11/2019 22:30,-3.834517,0.9288036,306.1399,375.7006,-74.32403
10635,05/11/2019 23:00,-3.775829,1.224603,294.1058,374.6931,-85.58772
10636,05/11/2019 23:30,-4.28025,1.383162,291.9082,373.8866,-87.64191
10637,06/11/2019 0:00,-5.192028,1.115052,291.033,369.1691,-84.44318
10638,06/11/2019 0:30,-4.267966,0.9991012,287.7858,367.2052,-84.68646
10639,06/11/2019 1:00,-3.242873,2.524954,289.2214,369.541,-86.08743
10640,06/11/2019 1:30,-5.777294,0.1808747,288.9151,367.3159,-84.35898
10641,06/11/2019 2:00,-4.436439,1.161977,284.9713,362.1712,-82.7983
10642,06/11/2019 2:30,-4.129148,1.625946,284.1255,361.696,-83.32562
10643,06/11/2019 3:00,-3.631971,2.389981,284.4892,362.4102,-83.94298
10644,06/11/2019 3:30,-4.049885,2.026135,283.9419,361.8103,-83.94444
10645,06/11/2019 4:00,-4.268761,1.679286,283.4526,361.9516,-84.44709
10646,06/11/2019 4:30,-4.330473,1.563228,281.975,359.9727,-83.89135
10647,06/11/2019 5:00,-4.480138,1.689902,281.2017,357.826,-82.79435
10648,06/11/2019 5:30,-4.025301,1.84745,293.9046,356.6671,-68.63531
10649,06/11/2019 6:00,-4.899059,-0.543806,305.6062,353.0449,-51.79392
10650,06/11/2019 6:30,-9.840616,-5.623294,308.4245,350.3806,-46.17348
10651,06/11/2019 7:00,-12.31146,-10.22394,320.7695,352.7741,-34.09212
10652,06/11/2019 7:30,-5.64402,-12.64929,324.4447,354.4637,-23.01373
10653,06/11/2019 8:00,31.41905,-6.402283,305.6721,356.4732,-12.97984
10654,06/11/2019 8:30,91.11637,2.167711,325.0602,363.7037,50.30514
10655,06/11/2019 9:00,106.5198,9.489079,331.1602,369.4266,58.76428
10656,06/11/2019 9:30,194.4123,25.50739,330.334,372.1509,127.0879
10657,06/11/2019 10:00,246.1819,33.35866,336.3928,378.3336,170.8825
10658,06/11/2019 10:30,234.6193,31.47149,343.3227,382.7454,163.7252
10659,06/11/2019 11:00,298.2142,39.64384,346.1006,388.7183,215.9527
10660,06/11/2019 11:30,445.5204,60.42142,345.2219,398.5758,331.7451
10661,06/11/2019 12:00,638.6397,86.5947,348.2272,416.5767,483.6955
10662,06/11/2019 12:30,477.2275,60.2322,331.8286,410.5164,338.3074
10663,06/11/2019 13:00,378.469,45.89825,319.9059,408.426,244.0506
10664,06/11/2019 13:30,279.0945,32.70337,317.66,402.1035,161.9476
10665,06/11/2019 14:00,170.552,19.41312,324.224,396.4302,78.93265
10666,06/11/2019 14:30,348.1645,43.85457,342.2807,404.3129,242.2777
10667,06/11/2019 15:00,146.9245,18.63599,359.1287,398.4612,88.95603
10668,06/11/2019 15:30,91.98166,12.10226,366.2831,395.8503,50.31222
10669,06/11/2019 16:00,82.89948,11.23667,367.0923,395.1178,43.63721
10670,06/11/2019 16:30,99.07407,13.60572,364.7868,396.0356,54.21959
10671,06/11/2019 17:00,32.77764,4.444033,369.129,392.3983,5.064282
10672,06/11/2019 17:30,0.6661116,0.04786663,370.4021,389.2546,-18.2342
10673,06/11/2019 18:00,-1.884914,-0.3052848,370.1435,387.8491,-19.28522
10674,06/11/2019 18:30,-1.731286,-0.08403467,370.2157,387.0136,-18.44516
10675,06/11/2019 19:00,-1.744686,-0.1287089,369.1338,386.2323,-18.7145
10676,06/11/2019 19:30,-3.95347,0.2467914,329.5313,379.6977,-54.36666
10677,06/11/2019 20:00,-2.566619,0.8744148,339.3123,377.3317,-41.46038
10678,06/11/2019 20:30,-2.193361,0.8095334,340.8484,379.9648,-42.1193
10679,06/11/2019 21:00,-1.854105,0.0946765,359.7301,380.2803,-22.499
10680,06/11/2019 21:30,-6.46791,0.01168441,370.7112,378.738,-14.50637
10681,06/11/2019 22:00,-13.42491,-8.222407,373.1519,378.3825,-10.43305
10682,06/11/2019 22:30,-14.20778,-12.44915,372.8769,379.842,-8.723776
10683,06/11/2019 23:00,-15.96284,-14.10861,375.611,380.2885,-6.531734
10684,06/11/2019 23:30,-14.09587,-9.812565,383.603,379.7451,-0.4254564
10685,07/11/2019 0:00,-10.3638,-7.339173,381.9471,379.2328,-0.3103109
10686,07/11/2019 0:30,-11.0355,-7.922407,382.9384,379.5762,0.2491503
10687,07/11/2019 1:00,-10.34362,-7.390557,383.0346,379.619,0.4625536
10688,07/11/2019 1:30,-10.85935,-7.916162,383.9382,379.7044,1.290662
10689,07/11/2019 2:00,-11.54832,-8.25453,385.102,379.9908,1.817398
10690,07/11/2019 2:30,-12.00114,-8.71525,384.4245,380.6613,0.4773349
10691,07/11/2019 3:00,-11.60488,-8.802291,383.2734,381.4684,-0.9975403
10692,07/11/2019 3:30,-12.09668,-8.344756,387.4508,381.8087,1.890217
10693,07/11/2019 4:00,-9.131974,-6.952319,382.5972,381.7629,-1.345339
10694,07/11/2019 4:30,-7.937772,-6.079969,383.4629,382.0336,-0.4284702
10695,07/11/2019 5:00,-9.055676,-6.789559,369.6343,381.8685,-14.50035
10696,07/11/2019 5:30,-9.097067,-5.528977,332.8903,379.1867,-49.86449
10697,07/11/2019 6:00,-8.195769,-3.920416,320.4879,377.6989,-61.48642
10698,07/11/2019 6:30,-8.507489,-4.369514,316.8517,376.7155,-64.00169
10699,07/11/2019 7:00,-6.559273,-3.516242,303.5811,373.7489,-73.21082
